"Leonardo da Vinci","1453-04-15"
"Pablo Picasso","1881-10-25"
"Auguste Rodin","1840-11-12"
"Vincent van Gogh","1853-03-30"
"Robert Rauschenberg","1925-10-22"
"Frida Kahlo","1907-07-06"
"Claude Monet","1840-11-14"
"René Magritte","1898-11-21"
"Jasper Johns","1930-05-15"
"Jackson Pollock","1912-01-28"
"Jeff Koons","1955-01-21"
"Andy Warhol","1928-08-06"
"Paul Gauguin","1848-06-07"
"Nan Goldin","1953-09-12"
"Hans Haacke","1936-08-12"
"Edward Hopper","1882-07-22"
"Sally Mann","1951-05-01"
"Gerhard Richter","1932-02-09"
"Egon Schiele","1890-06-12"
"Eadweard Muybridge","1830-04-09"
"Sam Taylor-Wood","1967-03-04"
"Kara Walker","1969-11-26"
"Salvador Dalí","1904-05-11"
"Man Ray","1890-08-27"
"Ansel Adams","1902-02-20"
"Édouard Manet","1832-01-23"
"Camille Pissarro","1830-07-10"
"Mary Cassatt","1844-05-22"
"Jean-François Raffaëlli","1850-04-20"
"Edgar Degas","1834-07-19"
"Georges-Pierre Seurat","1859-12-02"
"Pierre-Auguste Renoir","1841-02-25"
"Marc-Charles-Gabriel Gleyre","1806-05-02"
"Alfred Sisley","1839-10-30"
"John Constable","1776-06-11"
"J. M. W. Turner","1775-04-23"
"Eugène Delacroix","1798-04-26"
"Peter Paul Rubens","1577-06-28"
"Théodore Géricault","1791-09-26"
"Eva Hesse","1936-01-11"
"Eugène Boudin","1824-07-12"
"Jacques-Louis David","1748-08-30"
"Jean-Antoine Watteau","1684-10-10"
"François Boucher","1703-09-29"
"Walter Inglis Anderson","1903-09-29"
"Yoshitaka Amano","1952-07-28"
"Frank Frazetta","1928-02-09"
"Jean-François Millet","1814-10-04"
"Richard Wolstencroft","1969-04-23"
"Ştefan Luchian","1868-02-01"
"Ron Regé Jr.","1969-12-05"
"Alexander Calder","1898-07-22"
"Nadežda Petrović","1873-10-12"
"Ivan Aivazovsky","1817-07-29"
"Romaine Brooks","1874-05-01"
"Caravaggio","1571-09-29"
"Paul Klee","1879-12-18"
"Lyn Ott","1926-04-25"
"Payut Ngaokrachang","1929-04-01"
"Rosanna Arquette","1959-08-10"
"Jean Tabaud","1914-07-05"
"Tintoretto","1518-09-29"
"Francisco Goya","1746-03-30"
"Lucian Freud","1922-12-08"
"Daniela Cicarelli","1978-11-06"
"Francis Bacon","1909-10-28"
"Michelangelo","1475-03-06"
"Hem Vejakorn","1904-01-17"
"Käthe Kollwitz","1867-07-08"
"Raphael","1483-04-06"
"Gustave Courbet","1819-06-10"
"Rembrandt","1606-07-15"
"Paul Cézanne","1839-01-19"
"Constantine Andreou","1917-03-24"
"Nicolae Tonitza","1886-04-13"
"Albrecht Dürer","1471-05-21"
"Ştefan Dimitrescu","1886-01-18"
"Martiros Saryan","1880-02-28"
"Isamu Noguchi","1904-11-17"
"John Bridgeman","1916-02-02"
"Bob Ross","1942-10-29"
"Ann Hamilton","1956-06-22"
"Jean Auguste Dominique Ingres","1780-08-29"
"Ian Hamilton Finlay","1925-10-28"
"M. C. Escher","1898-06-17"
"Honoré Daumier","1808-02-26"
"Alan Lee","1947-08-20"
"Bartolomeo Manfredi","1582-08-25"
"Carl Schuch","1846-09-30"
"Eugène Boch","1855-09-01"
"Carlo Carrà","1881-02-11"
"Archibald MacNeal Willard","1836-08-22"
"Antoine Wiertz","1806-02-22"
"Théo van Rysselberghe","1862-11-23"
"Giovanni Francesco Barbieri","1591-02-08"
"Sandro Botticelli","1445-03-01"
"Edwin Henry Landseer","1802-03-07"
"Winslow Homer","1836-02-24"
"Annibale Carracci","1560-11-03"
"Giorgio de Chirico","1888-07-10"
"James McNeill Whistler","1834-07-11"
"Emanuel Leutze","1816-05-24"
"William-Adolphe Bouguereau","1825-11-30"
"Jan Matejko","1838-06-24"
"Masaccio","1401-12-21"
"Diego Velázquez","1599-06-06"
"Andrew Wyeth","1917-07-12"
"Henry Raeburn","1756-03-04"
"Alexandre Cabanel","1823-09-28"
"Thomas Eakins","1844-07-25"
"John Everett Millais","1829-06-08"
"Thomas Gainsborough","1727-05-14"
"Nicolas Poussin","1594-06-15"
"Grant Wood","1891-02-13"
"Gilbert Stuart","1755-12-03"
"Ford Madox Brown","1821-04-16"
"Francesco Hayez","1791-02-10"
"Thomas Cole","1801-02-01"
"William Hogarth","1697-11-10"
"John Singleton Copley","1738-07-03"
"Henri Rousseau","1844-05-21"
"Paul Signac","1863-11-11"
"Juan Luna","1857-10-23"
"Piero di Cosimo","1462-01-02"
"Andrea del Sarto","1486-07-16"
"Robert Walter Weir","1803-06-18"
"Pontormo","1494-05-24"
"Gustav Klimt","1862-07-14"
"Elito V. Circa","1970-01-28"
"Joseph Wright of Derby","1734-09-03"
"Valentin de Boulogne","1591-01-03"
"Tristan Tzara","1896-04-16"
"Marcel Janco","1895-05-24"
"Gian Lorenzo Bernini","1598-12-07"
"Marcel Duchamp","1887-07-28"
"Sol LeWitt","1928-09-09"
"Donald Judd","1928-06-03"
"Frank Stella","1936-05-12"
"Julius Shulman","1910-10-10"
"Mark Rothko","1903-09-25"
"Clyfford Still","1904-11-30"
"Barnett Newman","1905-01-29"
"Richard Diebenkorn","1922-04-22"
"Robert Gober","1954-09-12"
"Claes Oldenburg","1929-01-28"
"Coosje van Bruggen","1942-06-06"
"Julian Schnabel","1951-10-26"
"John Singer Sargent","1856-01-12"
"Henri Matisse","1869-12-31"
"Amedeo Modigliani","1884-07-12"
"Juan Gris","1887-03-23"
"Edvard Munch","1863-12-12"
"Wassily Kandinsky","1866-12-16"
"Agnes Martin","1912-03-22"
"Santiago Calatrava","1980-01-01"
"Sebastião Salgado","1944-02-08"
"Dorothea Lange","1895-05-26"
"László Moholy-Nagy","1895-07-20"
"Berthe Morisot","1841-01-14"
"Armand Guillaumin","1841-02-16"
"Gustave Caillebotte","1848-08-19"
"Frédéric Bazille","1841-12-06"
"Frederick Carl Frieseke","1874-04-07"
"Francisco Oller","1833-06-17"
"Theodore Robinson","1852-07-03"
"Charles Green Shaw","1892-05-01"
"Louise Bourgeois","1911-12-25"
"Cy Twombly","1928-04-25"
"Joseph Beuys","1921-05-12"
"Francesca Woodman","1958-04-03"
"Jannis Kounellis","1936-03-23"
"Leonor Fini","1908-08-30"
"Edward Wadsworth","1889-10-09"
"Paul Nash","1889-05-11"
"Joan Miró","1893-04-20"
"Max Ernst","1891-04-02"
"Yves Tanguy","1900-01-05"
"Hans Bellmer","1902-03-13"
"John Tunnard","1900-05-07"
"Roland Penrose","1900-10-14"
"Eileen Agar","1899-12-01"
"David Gascoyne","1916-10-10"
"John Atkinson Grimshaw","1836-09-06"
"Kris Krug","1976-12-14"
"James Ensor","1860-04-13"
"Georges Rouault","1871-05-27"
"Albert Marquet","1875-03-27"
"Raoul Dufy","1877-06-03"
"Maurice Utrillo","1883-12-25"
"Jeff Wall","1946-09-29"
"Gordon Matta-Clark","1943-06-22"
"John Baldessari","1931-06-17"
"Douglas Huebler","1924-10-27"
"Bill Viola","1951-01-25"
"Andreas Gursky","1955-01-15"
"Richard Tuttle","1941-07-12"
"Carl Andre","1935-09-16"
"Kiki Smith","1954-01-18"
"Berenice Abbott","1898-07-17"
"Takashi Murakami","1962-02-01"
"Elizabeth Gallagher","1922-06-13"
"Gottfried Lindauer","1839-01-05"
"Herman Wilhelm Bissen","1798-10-13"
"Caroline Chariot-Dayez","1958-09-11"
"Franz Marc","1880-02-08"
"Rolf Nesch","1893-01-07"
"Emil Nolde","1867-08-07"
"Ernst Barlach","1870-01-02"
"Wilhelm Lehmbruck","1881-01-04"
"Oskar Kokoschka","1886-03-01"
"Marc Chagall","1887-07-07"
"Hendrik Nicolaas Werkman","1882-04-29"
"Kai Fjell","1907-03-02"
"Mário Eloy","1900-03-15"
"Max Pechstein","1881-12-31"
"Gabriele Münter","1877-02-19"
"Gen Paul","1895-07-02"
"Adolph von Menzel","1815-12-08"
"Christopher Darton Watkins","1928-05-15"
"Colin Dick","1929-02-28"
"Lee Brown Coye","1907-07-24"
"George Segal","1924-11-26"
"Rachel Wilberforce","1975-01-07"
"Giorgio Morandi","1890-06-20"
"Filippo De Pisis","1896-05-11"
"Georges de La Tour","1593-03-13"
"Richard Beard","1801-12-22"
"Wilson Bentley","1865-02-09"
"Louis Désiré Blanquart-Evrard","1802-08-02"
"Bill Brandt","1904-05-03"
"Julia Margaret Cameron","1815-06-11"
"Henri Cartier-Bresson","1908-08-22"
"Charles Cros","1842-10-01"
"Louis Daguerre","1787-11-18"
"André-Adolphe-Eugène Disdéri","1819-03-28"
"Wordsworth Donisthorpe","1847-03-24"
"Louis Ducos du Hauron","1837-12-08"
"Werner Bischof","1916-04-26"
"Cornell Capa","1918-04-10"
"Robert Capa","1913-10-22"
"Elliott Erwitt","1928-07-26"
"Martine Franck","1938-04-02"
"Philip Jones Griffiths","1936-02-18"
"Ara Güler","1928-08-16"
"Ernst Haas","1921-03-02"
"Charles Harbutt","1935-07-29"
"Carl de Keyzer","1958-12-27"
"Inge Morath","1923-05-27"
"Yoko Ono","1933-02-18"
"Thomas Thornycroft","1815-05-19"
"Yasuda Yukihiko","1884-02-16"
"Hermann-Paul","1864-12-27"
"Koloman Moser","1868-03-30"
"Helen Berman","1936-04-06"
"Caspar David Friedrich","1774-09-05"
"Edward Ruscha","1937-12-16"
"Edgar Stoebel","1909-12-21"
"Wifredo Lam","1902-12-02"
"Ralf Metzenmacher","1964-07-26"
"Jessie Willcox Smith","1863-09-06"
"F.L. Griggs","1876-10-30"
"Bruce Nauman","1941-12-06"
"John E. Berninger","1896-12-13"
"Theodor Aman","1831-03-20"
"Ion Valentin Anestin","1900-12-24"
"Carl Larsson","1853-05-28"
"Fernand Khnopff","1858-09-12"
"Eser Afacan","1953-08-08"
"Charles Sargeant Jagger","1885-12-17"
"Rosy Lamb","1973-07-23"
"Kuroda Seiki","1866-06-29"
"Akihiro Yamada","1957-02-10"
"Joan Brown","1938-02-13"
"Manuel Neri","1930-04-12"
"Henri de Toulouse-Lautrec","1864-11-24"
"Jean-Léon Gérôme","1824-05-11"
"William Westall","1781-10-12"
"Victor Vasarely","1906-04-09"
"Helen Dahm","1878-05-21"
"Brian Wood","1972-01-29"
"Giorgio Vasari","1511-07-30"
"Giuseppe Moretti","1857-02-03"
"Mikhail Vrubel","1856-03-17"
"Reginald Marsh","1898-03-14"
"Sara Shamma","1975-11-26"
"Louise Fishman","1939-01-14"
"Wu Guanzhong","1919-08-29"
"Lascăr Vorel","1879-08-19"
"John Flaxman","1755-07-06"
"Mikalojus Konstantinas Čiurlionis","1875-09-22"
"Ignat Bednarik","1882-03-08"
"Harry Baron","1944-01-21"
"Alfons Mucha","1860-07-24"
"Graham Sutherland","1903-08-24"
"Harry Watson","1871-06-13"
"Armando Reverón","1889-05-10"
"Andrés de Santa Maria","1860-12-16"
"Gerald Scarfe","1936-06-01"
"Leonardo Bistolfi","1859-03-14"
"Séraphine Louis","1864-09-02"
"John Trumbull","1756-06-06"
"Edward Gorey","1925-02-22"
"Chuck Close","1940-07-05"
"Luis Geraldes","1957-05-15"
"Kaburagi Kiyokata","1878-08-31"
"Fernando Amorsolo","1892-05-30"
"Jean-Pierre Yvaral","1934-01-25"
"Tanaka Isson","1908-07-22"
"Anselm Feuerbach","1829-09-12"
"George Hayter","1792-12-17"
"Dan Graham","1942-03-31"
"Wolfgang Tillmans","1968-08-16"
"Lawrence Alma-Tadema","1836-01-08"
"Nesim Tahirović","1941-10-23"
"Ralph Gibson","1939-01-16"
"William Carrick","1827-12-31"
"Hiroko Sadanobu","1978-08-07"
"Artemisia Gentileschi","1593-07-08"
"Thierry Veltman","1939-12-16"
"Gonzalo Morales Sáurez","1945-07-09"
"Peter Eugene Ball","1943-03-19"
"Shimomura Kanzan","1873-04-10"
"Thomas Hovenden","1840-12-28"
"Otto Freundlich","1878-07-10"
"Alzek Misheff","1940-10-08"
"Margaret Kilgallen","1967-10-28"
"John Latham","1921-02-23"
"William Christenberry","1936-11-05"
"Nadir Afonso","1920-12-04"
"William Frederick Yeames","1835-12-18"
"Maksimilijan Vanka","1889-10-11"
"Andrew Qappik","1964-02-25"
"Tomioka Tessai","1836-01-25"
"Eva Navarro","1967-09-07"
"Mişu Popp","1827-03-19"
"Robert Sands","1943-09-15"
"Mark Powell","1968-09-04"
"Jeff Willmore","1954-12-23"
"George Blackall Simonds","1843-10-06"
"Angelica Kauffmann","1741-10-30"
"Juan Fernando Cobo","1959-08-27"
"John Fekner","1950-10-06"
"Kazimir Malevich","1878-02-23"
"Rick Castro","1958-07-20"
"Helen Bradley","1900-11-20"
"Jerome Bech","1970-02-11"
"Eliot Porter","1901-12-06"
"Hugo Kārlis Grotuss","1884-01-17"
"Jirayr Zorthian","1911-04-14"
"Jeff Soto","1975-06-03"
"L. S. Lowry","1887-11-01"
"Andrejs Grants","1955-03-07"
"Roy Lichtenstein","1923-10-27"
"Shuli Nachshon","1951-11-13"
"Tsuchida Bakusen","1887-02-09"
"Frederic Leighton, 1st Baron Leighton","1830-12-03"
"Violet Oakley","1874-06-10"
"Terry Rodgers","1947-09-11"
"Albert Bierstadt","1830-01-08"
"Bridget Riley","1931-04-24"
"Aelbert Cuyp","1620-10-20"
"Osman Hamdi Bey","1842-12-30"
"Tony Robbin","1943-11-24"
"Corbinian Böhm","1966-08-07"
"Ion Andreescu","1850-02-15"
"Justin Michael Jenkins","1971-02-23"
"Constantin Daniel Stahi","1844-11-14"
"Yousuf Karsh","1908-12-23"
"Edward Hodges Baily","1788-03-10"
"Toru Iwaya","1936-02-12"
"John William Waterhouse","1849-04-06"
"Aaron Bohrod","1907-11-21"
"Glen E. Friedman","1962-03-03"
"Aurel Băeşu","1896-05-26"
"Hilary Knight","1926-11-01"
"Henriette Valium","1959-05-04"
"Alexandre Grégoire","1922-08-29"
"Andy Goldsworthy","1956-07-26"
"Ogura Yuki","1895-03-01"
"Hannah Wilke","1940-03-07"
"Mark Ryden","1963-01-20"
"Hélio Oiticica","1937-07-26"
"William Wegman","1943-12-02"
"Stuart Semple","1980-09-12"
"Nicolae Vermont","1866-10-10"
"Caniglia","1970-07-13"
"John Wycliffe Lowes Forster","1850-12-31"
"Kawabata Ryushi","1885-06-06"
"János Mattis-Teutsch","1884-01-13"
"Gerald Brom","1965-03-09"
"Yokoyama Taikan","1868-11-02"
"Arthello Beck","1941-07-17"
"Jon Schueler","1916-09-12"
"Jordi Pagans i Monsalvatje","1932-04-18"
"Einar Hákonarson","1945-01-14"
"Ivan Albright","1897-02-20"
"Arshile Gorky","1904-04-15"
"Calvin Maglinger","1924-12-05"
"Pierre Auguste Cot","1837-02-17"
"Constant Nieuwenhuys","1920-07-21"
"Simon Penny","1955-10-19"
"Jean Paul Lemieux","1904-11-18"
"Samuel Morse","1791-04-27"
"Ker-Xavier Roussel","1867-12-10"
"Carpoforo Tencalla","1623-09-10"
"Raoul Ubac","1910-08-31"
"Lois Mailou Jones","1905-11-03"
"Luis Eduardo Aute","1943-09-13"
"Otto Dix","1891-12-02"
"Ejler Bille","1910-03-10"
"Jørgen Nash","1920-03-16"
"Michael Andrews","1928-10-30"
"Jean Béraud","1849-01-12"
"Charles Leickert","1816-09-22"
"Martin Benka","1888-09-21"
"Waldo Peirce","1884-12-17"
"Francesco Saverio Mergalo","1746-06-06"
"Andreas Achenbach","1815-09-29"
"Philippe de Champaigne","1602-05-26"
"Hans Purrmann","1880-04-10"
"Jane Kelly","1956-05-07"
"Georgia O'Keeffe","1887-11-15"
"Esaias Boursse","1631-03-03"
"Neo Rauch","1960-04-18"
"Eva Gonzalès","1849-04-19"
"Carlo Cignani","1628-05-15"
"William Dickson","1860-08-03"
"Samuel Peploe","1871-01-27"
"Eugenio Granell","1912-11-28"
"Paul Kane","1810-09-03"
"Frederick Richard Lee","1798-06-10"
"Augustus John","1878-01-04"
"William Harnett","1848-08-10"
"Jean-Baptiste Camille Corot","1796-07-17"
"Beryl Cook","1926-09-10"
"August Malmström","1829-10-14"
"Gordon Walters","1919-09-24"
"Claudio Coello","1642-03-02"
"Paul-Albert Besnard","1849-06-02"
"Hermann Ottomar Herzog","1831-11-15"
"Alexander Liberman","1912-09-04"
"Adolfo Winternitz","1906-10-20"
"Zlatyu Boyadzhiev","1903-10-22"
"P. C. Skovgaard","1817-04-04"
"Līga Purmale","1948-11-18"
"François-Elie Vincent","1708-06-20"
"Iosif Iser","1881-04-21"
"Vasily Polenov","1844-06-01"
"Robert Irwin","1928-09-12"
"Charles Harold Davis","1856-01-07"
"Katherine Sophie Dreier","1877-09-10"
"Christopher Banahan","1958-09-04"
"Ibrahim Kodra","1918-04-22"
"Carl-Henning Pedersen","1913-09-23"
"Giovanni Battista Piazzetta","1682-02-13"
"Louise Abbéma","1858-10-30"
"Arkady Plastov","1893-01-31"
"Vasily Surikov","1848-01-24"
"Anna Elizabeth Klumpke","1856-10-28"
"Fritz Bleyl","1880-10-08"
"Adam Marczyński","1908-12-24"
"Bernardo Buontalenti","1531-12-15"
"Odd Nerdrum","1944-04-08"
"Brian Barnes","1944-08-20"
"Stephen Howarth","1981-07-23"
"Eugène Carrière","1849-01-16"
"Robert Koehler","1850-11-28"
"Frederik Vermehren","1823-05-12"
"Thoreau MacDonald","1901-04-21"
"Sydney Lough Thompson","1877-01-24"
"J. Ottis Adams","1851-07-08"
"Anton Graff","1736-11-18"
"Bartolomé Estéban Murillo","1617-12-31"
"John Partridge","1789-11-20"
"Louis Eilshemius","1864-02-04"
"Jesse Richards","1975-07-17"
"Alexandru Bogdan-Piteşti","1870-06-13"
"Anselm Kiefer","1945-03-08"
"Emile Schuffenecker","1851-12-08"
"Eugène Grasset","1845-05-25"
"Albert Dubois-Pillet","1846-10-28"
"Joachim von Sandrart","1606-05-12"
"Luca Ferrari","1605-02-17"
"Vicente Manansala","1910-01-22"
"Francesco di Giorgio","1439-09-23"
"Federico Zandomeneghi","1841-06-02"
"Ľudovít Fulla","1902-02-27"
"Fernando Botero","1932-04-19"
"Richard Cosway","1742-11-05"
"Antonio Molinari","1655-01-21"
"John French Sloan","1871-08-02"
"Will Roberts","1907-12-21"
"Max Klinger","1857-02-18"
"Willem van de Velde the Younger","1633-12-18"
"Norman Wilkinson","1878-11-24"
"Henry Scott Tuke","1858-06-12"
"Conrad Marca-Relli","1913-06-05"
"Isidor Kaufman","1853-03-22"
"Arnold Grabone","1896-09-11"
"Alice Neel","1900-01-28"
"Isaac Grünewald","1889-09-02"
"Rudolf Bauer","1889-02-11"
"John Marin","1870-12-23"
"Stanley Spencer","1891-06-30"
"Leiko Ikemura","1951-08-22"
"Tarsila do Amaral","1886-09-01"
"Valerio Adami","1935-03-17"
"Juan Villafuerte","1945-07-19"
"Edwin Holgate","1892-08-19"
"Carolus-Duran","1837-07-04"
"Françoise Gilot","1921-11-26"
"Alphonse Osbert","1857-03-23"
"Erna Rosenstein","1913-05-17"
"Branwell Brontë","1817-06-26"
"Manolo Millares","1926-01-17"
"Mario Minniti","1577-12-08"
"Karel Appel","1921-04-25"
"Konstantin Korovin","1861-12-05"
"Josef Block","1863-11-27"
"Johann Peter Krafft","1780-09-15"
"George Spencer Watson","1869-03-08"
"Julius Exter","1863-09-20"
"Gyula Basch","1859-04-09"
"Leonid Pasternak","1862-04-04"
"Nikolai Ge","1831-02-27"
"Othon Friesz","1879-02-06"
"Friedrich Wilhelm Schadow","1789-09-07"
"Giancarlo Vitali","1929-11-29"
"Richard Hamilton","1922-02-24"
"Albert Henry Krehbiel","1873-11-25"
"Luigi Sabatelli","1772-02-21"
"Jeanne Hébuterne","1898-04-06"
"Nadya Rusheva","1952-01-31"
"Uroš Predić","1857-12-07"
"Gwen John","1876-06-22"
"Joseph B. Davol","1864-08-25"
"Thomas Cooper Gotch","1854-12-10"
"Willard Midgette","1937-07-09"
"Carl Buchheister","1890-10-17"
"Henryk Siemiradzki","1843-11-15"
"C. G. Finch-Davies","1875-05-24"
"Abraham Storck","1644-04-17"
"Franz Ittenbach","1813-04-18"
"Charles E. Burchfield","1893-04-09"
"Keith Haring","1958-05-04"
"Henry Tonks","1862-04-09"
"Pierre Subleyras","1699-11-25"
"Mikhail Nesterov","1862-05-19"
"James McDougal Hart","1828-05-10"
"David Teniers the Younger","1610-12-15"
"Jean Germain Drouais","1763-11-25"
"Frans Masereel","1889-07-31"
"Ivan Shishkin","1832-01-25"
"Élisabeth-Louise Vigée Le Brun","1755-04-16"
"George Luks","1867-08-13"
"Ilya Yefimovich Repin","1844-08-05"
"Robert William Wood","1889-03-04"
"Aimo Maggi","1756-05-31"
"Jan van Goyen","1596-01-13"
"Mauritz de Haas","1832-12-12"
"Giuseppe Bezzuoli","1784-11-28"
"Carl Haag","1820-04-20"
"Louis Delsarte","1944-09-01"
"Ivan Grohar","1867-06-15"
"Jan van Scorel","1495-08-01"
"Josef Albers","1888-03-19"
"William Berczy","1744-12-10"
"Antonio Gherardi","1638-09-20"
"Giuseppe Zais","1709-03-22"
"Joseph DeCamp","1858-11-05"
"Sarkis Ordyan","1918-12-20"
"Marie Bracquemond","1840-12-01"
"Tivadar Csontváry Kosztka","1853-07-05"
"Lorenzo Baldissera Tiepolo","1736-08-08"
"Francesca Alexander","1837-02-27"
"Jan Brueghel the Younger","1601-09-13"
"Francis Cotes","1726-05-20"
"Ad Reinhardt","1913-12-24"
"Simon Vouet","1590-01-09"
"Theodor Martens","1822-08-27"
"William Ronald","1926-08-13"
"Ulrich Leman","1885-10-15"
"Giuseppe Bossi","1777-08-11"
"Marlene Dumas","1953-08-03"
"Pablo Gargallo","1881-01-05"
"Johann Gottfried Steffan","1815-12-13"
"Erasmus Quellinus II","1607-11-19"
"Hendrick Avercamp","1585-01-27"
"William Hart","1823-03-31"
"Rudolf Schlichter","1890-12-06"
"Leslie Hurry","1909-02-10"
"Wolfgang Paalen","1905-07-07"
"Johan Jongkind","1819-06-03"
"A. G. Heaton","1844-04-28"
"Claude Vignon","1593-05-19"
"Antonio Cifrondi","1655-06-11"
"Edwin Dickinson","1891-10-11"
"Jóhannes Sveinsson Kjarval","1885-10-15"
"Giovanni Giacomo Semenza","1580-07-18"
"Spurgeon Tucker","1894-11-02"
"Domenico Zampieri","1581-10-21"
"Julian Fałat","1853-07-30"
"Wilson Irvine","1869-02-28"
"Andrea Appiani","1754-05-31"
"Stephen S. Sawyer","1952-08-30"
"Vladimir Tatlin","1885-12-28"
"Maurelio Scanavini","1665-05-07"
"Kevin Coyne","1944-01-27"
"Karl Briullov","1799-12-12"
"Lawton S. Parker","1868-08-07"
"Steven Spurrier","1878-07-13"
"Rita Angus","1908-03-12"
"David Ryckaert","1612-12-02"
"William Glackens","1870-03-13"
"Canaletto","1697-10-28"
"Ernest Lawson","1873-03-22"
"Alma Woodsey Thomas","1891-09-22"
"Alexandra Nechita","1985-08-27"
"Eero Järnefelt","1863-11-08"
"Marie Vassilieff","1884-02-12"
"Nils von Dardel","1888-10-25"
"Everett Warner","1877-07-16"
"Koloman Sokol","1902-12-12"
"Prudence Heward","1896-07-02"
"Joseph Highmore","1692-06-03"
"Szymon Buchbinder","1853-01-06"
"John Byrne","1940-01-06"
"David Griffiths","1939-02-16"
"Henry Peters Gray","1819-06-23"
"Matthew Harris Jouett","1788-04-22"
"Henri-Julien Dumont","1859-01-21"
"Ida Applebroog","1929-11-11"
"Theodore Wores","1859-08-01"
"Serge Poliakoff","1900-01-08"
"Alfons Karpiński","1875-02-20"
"Darell Koons","1924-12-18"
"Hernando R. Ocampo","1911-04-18"
"Abidin Dino","1913-03-23"
"Joseph Mathäus Aigner","1818-01-18"
"John Duncan Fergusson","1874-03-09"
"Zurab Tsereteli","1934-01-04"
"Charles-François Daubigny","1817-02-15"
"Matthäus Günther","1705-09-07"
"Albert Anker","1831-04-01"
"Todd Schorr","1954-01-09"
"Vasily Perov","1834-01-02"
"Cecilia Beaux","1855-05-01"
"André Hébuterne","1894-09-03"
"Daniel Chodowiecki","1726-10-16"
"Natalia Goncharova","1881-06-04"
"Milton Menasco","1890-01-22"
"Claudia Vecchiarelli","1978-11-07"
"Marc Aurèle de Foy Suzor-Coté","1869-04-06"
"Henri Alphonse Barnoin","1882-07-07"
"Jürgen Partenheimer","1947-05-14"
"Jacques Henri Lartigue","1894-06-13"
"Emerson Woelffer","1914-07-27"
"Girolamo Donnini","1681-04-18"
"Jean Charlot","1898-02-08"
"Gillian Ayres","1930-02-03"
"Sacha Moldovan","1901-11-04"
"Franz Stuck","1863-02-24"
"Ludwig Meidner","1884-04-18"
"Leslie Hunter","1877-08-07"
"Cândido Portinari","1903-12-29"
"Constantino Brumidi","1805-07-26"
"Andrea Sacchi","1599-11-30"
"François Bonvin","1817-11-22"
"William Rothenstein","1872-01-29"
"Luigi Russolo","1885-04-30"
"Chris Newman","1958-10-19"
"Doris Totten Chase","1923-04-29"
"Jean-Paul Riopelle","1923-10-07"
"Don Bachardy","1934-05-18"
"Augustus Dunbier","1888-01-01"
"Philip Absolon","1960-11-24"
"Ang Kiukok","1931-03-01"
"Carl Blair","1932-11-28"
"George Biddle","1885-01-24"
"Norman Garstin","1847-08-28"
"Charles Peale Polk","1767-03-17"
"Karl Friedrich Schinkel","1781-03-13"
"Benvenuto Cellini","1500-11-03"
"Christopher R. W. Nevinson","1889-08-13"
"John Carl Doemling","1894-06-23"
"Mary Curtis Richardson","1848-04-09"
"Johannes Lingelbach","1622-10-10"
"Franciszka Themerson","1907-06-28"
"Hans Arp","1886-09-16"
"Willem Drost","1633-04-19"
"Mór Than","1828-06-19"
"Miguel de la Espriella","1947-11-14"
"Derek Erdman","1973-12-06"
"Willem Pieterszoon Buytewech","1592-01-01"
"Franciszek Ksawery Lampi","1782-01-22"
"Yannis Stavrou","1948-06-21"
"Hans Dürer","1490-02-21"
"David Klein","1918-02-23"
"Charles-Amédée-Philippe van Loo","1719-08-25"
"William Beckwith McInnes","1889-05-18"
"Pete McKee","1966-02-01"
"Hyacinthe Rigaud","1659-07-18"
"Henry Ossawa Tanner","1859-06-21"
"Patrick Henry Bruce","1881-03-25"
"Martin Ryckaert","1587-12-08"
"Mabel Alvarez","1891-11-28"
"Theodoor Rombouts","1597-07-02"
"Joseph Severn","1793-12-07"
"Lucy Bacon","1857-07-30"
"Nathaniel Dance-Holland","1735-05-08"
"Simon Hantaï","1922-12-07"
"Willard Metcalf","1858-07-01"
"Don Federico de Madrazo y Kuntz","1815-02-12"
"Irving Ramsey Wiles","1861-04-08"
"Andrea Pozzo","1642-11-30"
"Albert Schickedanz","1846-10-14"
"Filippo Lauri","1623-08-25"
"Julliette Carignan","1958-01-06"
"Jiawei Shen","1948-09-16"
"Johann Michael Rottmayr","1656-12-11"
"Aleksandra Ekster","1882-01-06"
"Mariano Fortuny","1838-06-11"
"Hovsep Pushman","1877-05-09"
"Howard Hodgkin","1932-08-06"
"Sophie Pemberton","1869-02-13"
"Wilhelm Ottermanns","1913-07-04"
"David Hockney","1937-07-09"
"Frans Koppelaar","1943-04-23"
"Władysław Podkowiński","1866-02-04"
"Camilo Mori","1896-09-24"
"Taddeo Zuccari","1529-09-01"
"Thomas Phillips","1770-10-18"
"John Elwood Bundy","1853-05-01"
"Henri Fantin-Latour","1836-01-14"
"Giuseppe Bartolomeo Chiari","1654-03-10"
"Ratnadeep Adivrekar","1974-11-13"
"Lucas Cranach the Younger","1515-10-04"
"Joseph Ducreux","1735-06-26"
"Heinrich Vogeler","1872-12-12"
"Louis-Michel van Loo","1707-03-02"
"Joash Woodrow","1927-04-06"
"Edmond Aman-Jean","1858-01-13"
"Friedrich von Bömches","1916-12-27"
"Fernand Pelez","1843-01-18"
"Maggi Hambling","1945-10-23"
"Alfred East","1849-12-15"
"Pieter de Hooch","1629-12-20"
"Joseph Dwight Strong","1853-09-15"
"Pietro Annigoni","1910-06-07"
"Grace Cossington Smith","1892-04-22"
"Mather Brown","1761-10-11"
"Wilhelm Bendz","1804-03-20"
"Francesco Albani","1578-08-17"
"Félix Ziem","1821-02-26"
"André François","1915-11-09"
"Philip de Koninck","1619-11-05"
"Carl Spitzweg","1808-02-05"
"Niki de Saint Phalle","1930-10-29"
"Larry Rivers","1923-08-17"
"James Eckford Lauder","1811-08-15"
"Wilton Lockwood","1861-09-12"
"Tinus de Jongh","1885-01-31"
"Joshua Reynolds","1723-07-16"
"Gerbrand van den Eeckhout","1621-08-19"
"John Hoppner","1758-04-04"
"Vlaho Bukovac","1855-07-04"
"Tim Folzenlogen","1952-05-02"
"Giovanni Domenico Tiepolo","1727-08-30"
"Felice Torelli","1667-09-09"
"Mirko Rački","1879-10-13"
"Corneliu Baba","1906-11-18"
"Vicat Cole","1833-04-17"
"Arie Smit","1916-04-15"
"Christen Dalsgaard","1824-10-30"
"Francis Cadell","1883-04-12"
"Alfred Pellan","1906-05-16"
"Frans van Mieris, Sr.","1635-04-16"
"Illarion Pryanishnikov","1840-04-01"
"Robert Reid","1862-07-29"
"Herbert Ferber","1906-04-30"
"John Dos Passos","1896-01-14"
"Eugeniusz Żak","1884-12-15"
"David Klöcker Ehrenstrahl","1628-09-23"
"Franz Pforr","1788-04-05"
"Suzanne Valadon","1865-09-23"
"Tom Phillips","1937-05-24"
"Sam Francis","1923-06-25"
"Domingos Sequeira","1768-03-10"
"Ivan Aguéli","1869-05-24"
"Antonin Chittussi","1847-12-01"
"Mikola Pimonenko","1862-03-09"
"Mario Sironi","1885-05-12"
"Thomas Sully","1783-06-19"
"Tony Robert-Fleury","1837-09-01"
"Godfrey Blow","1948-10-06"
"Bartholomeus Spranger","1546-03-21"
"Rafael Coronel","1932-10-24"
"Gerard van Honthorst","1592-11-04"
"Paul-Émile Borduas","1905-11-01"
"Jacob Jordaens","1593-05-19"
"Ralph Fasanella","1914-09-02"
"Christian Schad","1894-08-21"
"Friedrich von Amerling","1803-04-14"
"John Mix Stanley","1814-01-17"
"Arnold Böcklin","1827-10-16"
"Qi Baishi","1864-01-01"
"Guinever Smith","1960-06-03"
"Theodor Hildebrandt","1804-07-02"
"Aristide Maillol","1861-04-08"
"Aaron Shikler","1922-03-18"
"Frank Weston Benson","1862-03-24"
"Eugen Dücker","1841-02-10"
"Gerard Dou","1613-04-07"
"Richard Pousette-Dart","1916-06-08"
"Alice Prin","1901-10-02"
"Lajos Csordák","1864-02-02"
"Birger Sandzén","1871-02-05"
"Max Dauthendey","1867-07-25"
"Eduardo Viana","1881-11-28"
"George Romney","1734-12-26"
"Laura Muntz Lyall","1860-06-18"
"Anne Langton","1804-06-24"
"Nykifor","1895-05-21"
"Roman Opałka","1931-08-27"
"Boris Vallejo","1941-01-08"
"Robert Summers","1940-08-13"
"Paul Dubois","1829-07-18"
"Xu Beihong","1895-07-19"
"Fernando de Szyszlo","1925-07-05"
"Gillis van Coninxloo","1544-01-24"
"Jean Dubuffet","1901-07-31"
"Jean-Honoré Fragonard","1732-04-05"
"Alberto Burri","1915-03-12"
"Kenzo Okada","1902-09-28"
"Fernand Léger","1881-02-04"
"Robert Indiana","1928-09-13"
"Jean François de Troy","1679-01-27"
"J. Alden Weir","1852-08-30"
"Remedios Varo","1908-12-16"
"Robert Longo","1953-01-07"
"Adélaïde Labille-Guiard","1749-04-11"
"Chafik Charobim","1894-11-04"
"Jean Petitot","1607-07-12"
"Augustus Earle","1793-06-01"
"Tony Hart","1925-10-15"
"Károly Lotz","1833-12-16"
"Frank Egginton","1908-11-10"
"Anthony van Dyck","1599-03-22"
"Francescantonio Coratoli","1671-12-13"
"Henry Mosler","1841-06-06"
"Anthony Green","1939-09-30"
"Haydar Hatemi","1945-03-03"
"Govert Flinck","1615-01-25"
"Theo van Doesburg","1883-08-30"
"Elaine de Kooning","1918-03-12"
"Jack Vettriano","1951-11-17"
"Hugo Demarco","1932-07-13"
"Petar Lubarda","1907-07-27"
"Octav Băncilă","1872-02-04"
"John Walker","1939-11-23"
"Felice Casorati","1883-12-04"
"Rufino Tamayo","1899-08-25"
"Giovanni Boldini","1842-12-31"
"Konstantin Gorbatov","1876-05-05"
"Nathaniel Jocelyn","1796-01-31"
"Michael Rothenstein","1908-03-19"
"Walter Emerson Baum","1884-12-14"
"Hermenegildo Anglada Camarasa","1871-09-11"
"Hans-Peter Zimmer","1936-10-23"
"Giovanni da Udine","1487-10-15"
"Pietro Benvenuti","1769-01-08"
"Vincenzo Tamagni","1492-04-10"
"Mykola Burachek","1871-03-16"
"Columbano Bordalo Pinheiro","1857-11-21"
"Pierre Paul Prud'hon","1758-04-04"
"Reuven Rubin","1893-11-13"
"Joseph von Führich","1800-02-09"
"John Henry Twachtman","1853-08-04"
"Don Suggs","1945-03-16"
"Alicia Rhett","1915-02-01"
"Sonya Sklaroff","1970-11-07"
"Henri Michaux","1899-05-24"
"Lilla Cabot Perry","1848-01-13"
"Charles Williams","1965-03-16"
"Antonio Balestra","1666-08-12"
"Wilhelm Leibl","1844-10-23"
"Karl Buesgen","1917-12-25"
"John Vanderlyn","1775-10-18"
"Cosmas Damian Asam","1686-09-29"
"Robert Ingpen","1936-10-13"
"David Burliuk","1882-07-21"
"Samuel Palmer","1805-01-27"
"Jonathan Talbot","1939-11-14"
"Jörg Immendorff","1945-06-14"
"Günther Gerszo","1915-06-17"
"Lorenzo Lippi","1606-05-03"
"Juan de Valdés Leal","1622-05-04"
"Jan van den Hoecke","1611-08-04"
"Ernst Josephson","1851-04-16"
"Rolf Groven","1943-03-11"
"Maya Kulenovic","1975-03-01"
"Cornelius Krieghoff","1815-06-19"
"Georges Badin","1927-03-13"
"Malcolm Morley","1931-06-07"
"Jan Zrzavý","1890-11-05"
"Adolf Hölzel","1853-05-13"
"Brenda Pye","1907-11-29"
"Johann Caspar Füssli","1706-01-03"
"Ismail Gulgee","1926-10-25"
"Moritz Daniel Oppenheim","1800-01-07"
"Robert Lenkiewicz","1941-12-31"
"Nadezhda Udaltsova","1886-11-29"
"Thomas Dewing","1851-05-04"
"Michiel Jansz van Mierevelt","1567-05-01"
"Willem Claeszoon Heda","1594-12-14"
"Jules Adolphe Aimé Louis Breton","1827-05-01"
"Albín Brunovský","1935-12-25"
"Ignacio Zuloaga","1870-07-26"
"Vilhelm Kyhn","1819-03-30"
"Jean Metzinger","1883-06-25"
"Giuseppe De Nittis","1846-02-25"
"Frank Duveneck","1848-10-09"
"Philip Alexius de Laszlo","1869-04-30"
"François-Édouard Picot","1786-10-10"
"Thomas Lawrence","1769-04-13"
"Bernd Fasching","1955-07-18"
"Jean-Baptiste-Siméon Chardin","1699-11-02"
"John Bourne","1943-07-27"
"Asger Jorn","1914-03-03"
"John Nash","1893-04-11"
"Giuseppe Grisoni","1699-10-24"
"Eamon Everall","1948-10-06"
"Bertram Brooker","1888-03-31"
"Ismael Nery","1900-10-09"
"Marcel Gromaire","1892-07-24"
"Julian Onderdonk","1882-07-30"
"Frederic Porter Vinton","1846-01-29"
"Leo Goetz","1883-03-15"
"Grigoriy Myasoyedov","1834-04-19"
"Wilhelm Freddie","1909-02-07"
"Melozzo da Forlì","1438-06-08"
"Marie Triepcke Krøyer Alfvén","1867-06-11"
"Nicolaes Pieterszoon Berchem","1620-10-01"
"Robert Henri","1865-06-25"
"Andrea Procaccini","1671-01-14"
"Eduardo Kingman","1913-02-03"
"Piet Mondrian","1872-03-07"
"Walter Sickert","1860-05-31"
"Guido Molinari","1933-10-12"
"Norah McGuinness","1901-11-07"
"George Hendrik Breitner","1857-09-12"
"Giovanni Lanfranco","1582-01-26"
"Sandra Blow","1925-09-14"
"Stefano Amadei","1580-01-20"
"Simone Cantarini","1612-04-12"
"Ben Nicholson","1894-04-10"
"Yves Klein","1928-04-28"
"Mike Bidlo","1953-10-20"
"Brian Alfred","1974-12-02"
"Tony Juliano","1975-02-07"
"Jean Delville","1867-01-19"
"Francesco Guardi","1712-10-05"
"Leandro Bassano","1557-06-10"
"Eugene Spiro","1874-04-18"
"Angel Botello","1913-06-20"
"Marie Laurencin","1883-10-31"
"H. Septimus Power","1877-12-31"
"Paul Ranson","1864-03-29"
"Ruth VanSickle Ford","1897-08-08"
"Jean-Baptiste Greuze","1725-08-21"
"Charles Alston","1907-11-28"
"Ben Shahn","1898-09-12"
"Jean-Michel Atlan","1913-01-23"
"Charles Arnoldi","1946-04-10"
"Sebastian Vrancx","1573-01-22"
"Pieter van Laer","1599-12-14"
"Bill Meyer","1942-12-10"
"Charles Hazelwood Shannon","1863-04-26"
"Neysa McMein","1888-01-24"
"Charles Ragland Bunnell","1897-01-17"
"Ivan Kramskoi","1837-05-27"
"Paul Wecker","1912-08-30"
"Cephas Thompson","1775-07-01"
"Edward Wesson","1910-04-29"
"Antonio Visentini","1688-11-21"
"Charles Demuth","1883-11-08"
"Mary Fedden","1915-08-14"
"Mary Elizabeth Price","1877-03-01"
"Neon Park","1940-12-28"
"David Hare","1917-03-10"
"Erkan Genis","1943-02-02"
"Romare Bearden","1911-09-02"
"Ettore DeGrazia","1909-06-14"
"John Crome","1768-12-22"
"John Russell","1745-03-29"
"Joseph Henry Lynch","1911-10-28"
"Aleksandra Belcova","1892-03-17"
"James McConnell Anderson","1907-08-09"
"Alakbar Rezaguliyev","1903-01-31"
"Arnold Friberg","1913-12-21"
"Elsa Dax","1972-05-14"
"William Merritt Chase","1849-11-01"
"Robert Boyer","1948-07-20"
"Leone Battista Alberti","1404-02-18"
"Radi Nedelchev","1938-04-01"
"George W. Joy","1844-07-07"
"Avigdor Arikha","1929-04-28"
"Robert Colquhoun","1914-12-20"
"Hermann Hesse","1877-07-02"
"Alexander Bogomazov","1880-04-07"
"Sigrid Hjertén","1885-10-27"
"Eduard Bendemann","1811-12-03"
"Jack Wemp","1925-11-29"
"Ivana Kobilca","1861-12-20"
"Vasily Andreevich Tropinin","1776-03-30"
"Pier Leone Ghezzi","1674-06-28"
"Franz Winterhalter","1805-04-20"
"Fernand Leduc","1916-06-04"
"Carel Fabritius","1622-02-27"
"Jaroslaw Kukowski","1972-04-11"
"Henri-Edmond Cross","1856-05-20"
"Pieter Jansz Saenredam","1597-06-09"
"Martin Saar","1980-04-30"
"Jan van Huysum","1682-04-15"
"Didier Bonvitesse","1880-06-03"
"Rowena Meeks Abdy","1887-04-24"
"Aasta Hansteen","1824-12-10"
"Oscar Florianus Bluemner","1867-06-21"
"Tadashi Sato","1923-02-06"
"George Bellows","1882-08-12"
"David Beck","1621-05-25"
"Jørgen Roed","1808-01-13"
"Arturo Garcia Bustos","1926-08-08"
"Xul Solar","1887-12-14"
"J. L. Lund","1777-10-16"
"Maurice Quentin de La Tour","1704-09-05"
"Antoine Pesne","1683-05-29"
"André Derain","1880-06-10"
"Jozef Israëls","1824-01-27"
"Benjamin Russell","1804-10-16"
"Stanisław Ignacy Witkiewicz","1885-02-24"
"Friedrich Ritter von Friedländer-Malheim","1825-01-10"
"George Elgar Hicks","1824-03-13"
"Konstantin Yuon","1875-10-24"
"Alson S. Clark","1876-03-25"
"Anwar Shemza","1928-07-14"
"Willy Reetz","1892-05-27"
"Marie-Guillemine Benoist","1768-12-18"
"Jean-Baptiste van Mour","1671-01-09"
"Karl Erik Harr","1940-05-08"
"Philipp Otto Runge","1777-07-23"
"Leonard Ochtman","1854-10-21"
"Ellen Altfest","1970-08-13"
"Solomon Joseph Solomon","1860-09-16"
"David Bomberg","1890-12-05"
"Anatoli Lvovich Kaplan","1902-12-26"
"John Lavery","1856-03-20"
"Georg Baselitz","1938-01-23"
"Alexandre Antigna","1817-03-07"
"Ken Danby","1940-03-06"
"Karl Schmidt-Rottluff","1884-12-01"
"Carlo Maratta","1625-05-13"
"Joseph Crawhall","1861-08-20"
"Arnulf Rainer","1929-12-08"
"Florence Riefle Bahr","1909-02-02"
"Harry Lachman","1886-06-29"
"Alton Tobey","1914-11-05"
"Léon Bakst","1866-05-10"
"Ary Scheffer","1795-02-10"
"Per Kirkeby","1938-09-01"
"Mattia Preti","1613-02-24"
"Togrul Narimanbekov","1930-08-07"
"Ernie Barnes","1938-07-15"
"Bencho Obreshkov","1899-04-27"
"Salvatore Rosa","1615-06-20"
"John Kane","1860-08-19"
"Peter Lely","1618-09-14"
"Édouard Vuillard","1868-11-11"
"Adriaen van Ostade","1610-12-10"
"Alex Colville","1920-08-24"
"Théodore Chassériau","1819-09-20"
"Caesar Andrade Faini","1913-04-15"
"Carlo Levi","1902-11-29"
"Richard Long","1945-06-02"
"T. C. Steele","1847-09-11"
"Philip Wouwerman","1619-05-24"
"Patrick Heron","1920-01-30"
"Francis Picabia","1879-01-28"
"Childe Hassam","1859-10-17"
"Sigmar Polke","1941-02-13"
"Stanton Macdonald-Wright","1890-07-08"
"Zinaida Serebryakova","1884-12-10"
"Anna Ancher","1859-08-18"
"René Auberjonois","1872-08-18"
"Pier Francesco Mola","1612-02-09"
"Guglielmo Caccia","1568-05-09"
"Eugene Speicher","1883-04-05"
"Lovis Corinth","1858-07-21"
"Myfanwy Pavelic","1916-04-27"
"Léon Bonnat","1833-06-20"
"Eric Fischl","1948-03-09"
"Juan O'Gorman","1905-07-06"
"Elisabetta Sirani","1638-01-08"
"Marianne von Werefkin","1860-09-10"
"Robert Delaunay","1885-04-12"
"El Lissitzky","1890-11-23"
"Colin McCahon","1919-08-01"
"George Peter Alexander Healy","1813-07-15"
"Jean Lurçat","1892-07-01"
"Peter Hurd","1904-02-22"
"Rosa Bonheur","1822-03-16"
"Stephen Gilbert","1910-01-15"
"Wols","1913-05-27"
"Vieira Portuense","1765-05-13"
"Robert Dafford","1951-05-14"
"Leon Wyczółkowski","1852-04-11"
"Franz Joseph Spiegler","1691-04-05"
"Jean-Baptiste Pater","1695-12-29"
"Albert Chevallier Tayler","1862-04-05"
"Philip Aziz","1923-04-15"
"Egon von Vietinghoff","1903-02-06"
"Richard Anuszkiewicz","1930-05-23"
"Toller Cranston","1949-04-20"
"Ted Godwin","1933-08-13"
"Johann Friedrich Overbeck","1789-07-04"
"Wyatt Eaton","1849-05-06"
"Paul-Henri DuBerger","1939-10-08"
"George Herbert Baker","1878-02-14"
"Greta Kempton","1901-03-22"
"Hugo Simberg","1874-06-24"
"Ferenc Joachim","1882-05-21"
"Ercole Sarti","1593-12-23"
"Francis Alexander","1800-02-03"
"Nicolae Grigorescu","1838-05-15"
"Henriette Wyeth","1907-10-22"
"Linda Sutton","1947-12-14"
"Aligi Sassu","1912-07-17"
"Terry Frost","1915-10-13"
"Igor Babailov","1965-02-09"
"Arthur Beecher Carles","1882-03-09"
"Edward Willis Redfield","1869-12-18"
"Théodule Ribot","1823-08-08"
"Jorge L. Sicre-Gattorno","1958-04-15"
"Flora Twort","1893-06-24"
"Francis Bicknell Carpenter","1830-08-06"
"Francesco Primaticcio","1504-04-30"
"Ross Bleckner","1949-05-12"
"Franz Adam","1815-05-04"
"David C. Driskell","1931-06-07"
"Mauro Antonio Tesi","1730-01-15"
"Alberto Sughi","1928-10-05"
"William McGregor Paxton","1869-06-22"
"George Washington Lambert","1873-09-13"
"Dan Jones","1962-06-29"
"Tsuguharu Foujita","1886-11-27"
"Hanns-Christian Kaiser","1969-03-26"
"Nicholas Roerich","1874-10-09"
"William Dargie","1912-06-04"
"Konstantin Savitsky","1844-06-06"
"Marsden Hartley","1877-01-04"
"Charles Wheeler","1881-01-04"
"Igor Grabar","1871-03-25"
"Pál Szinyei Merse","1845-07-04"
"William Zorach","1887-02-28"
"Ozias Humphrey","1742-09-08"
"Mark Tobey","1890-12-11"
"Alexander Deyneka","1899-05-20"
"Alfred Thomas Agate","1812-02-14"
"N. C. Wyeth","1882-10-22"
"Joseph Karl Stieler","1781-11-01"
"Constantin Kousnetzoff","1863-08-22"
"Olga Lehmann","1912-02-10"
"Gaspar de Witte","1624-10-05"
"Giovanni Battista Crespi","1573-12-23"
"Jean-Paul Mousseau","1927-01-01"
"Peter Blake","1932-06-25"
"Weldon Kees","1914-02-24"
"John Collier","1850-01-27"
"Jean Hélion","1904-04-21"
"Alfredo Sinclair","1915-12-08"
"Aki Kuroda","1944-10-04"
"Henri-Jean Guillaume Martin","1860-08-05"
"David Vinckboons","1576-08-13"
"Gluck","1895-08-13"
"Richard Parkes Bonington","1802-10-25"
"François-André Vincent","1746-12-30"
"Paul Philippoteaux","1846-01-27"
"Jean-Baptiste Pillement","1728-05-24"
"Carlo Frigerio","1763-04-05"
"Jean Paul Brusset","1909-06-23"
"Lee Woods","1964-07-17"
"Isaac Israëls","1865-02-03"
"Asher Brown Durand","1796-08-21"
"Ben Earl Looney","1904-06-02"
"Maxwell Bates","1906-12-14"
"Jean-Baptiste Isabey","1767-04-11"
"Frank Holl","1845-07-04"
"Lodovico Gallina","1752-08-25"
"Allan Ramsay","1713-10-13"
"Beta Vukanović","1872-04-18"
"Else Alfelt","1910-09-16"
"Chaim Goldberg","1917-03-20"
"Jacek Malczewski","1854-07-15"
"Olga Rozanova","1886-06-21"
"Gerhard von Kügelgen","1772-02-26"
"Raymond Monvoisin","1790-03-31"
"Naive John","1962-10-18"
"Jan Frans van Bloemen","1662-05-12"
"Alfons von Czibulka","1888-06-28"
"William Powell Frith","1819-01-19"
"Antonio Ciseri","1821-10-25"
"Manuel Ortiz de Zárate","1887-10-09"
"Ásgrímur Jónsson","1876-03-04"
"Pieter van Aelst","1502-08-14"
"Lamorna Birch","1869-06-07"
"Thomas Hart Benton","1889-04-15"
"Paul Cadmus","1904-12-17"
"Chester Harding","1792-09-01"
"Émile Bernard","1868-04-28"
"Carroll Cloar","1913-01-18"
"Alexander Andreyevich Ivanov","1806-07-16"
"Pedro Álvarez Castelló","1967-02-09"
"Vassily Maximov","1844-01-29"
"Nicolae Dărăscu","1883-02-18"
"Burgoyne Diller","1906-01-13"
"George Frederic Watts","1817-02-23"
"Florencio Molina Campos","1891-08-21"
"Albert Bloch","1882-08-02"
"Petrus Van der Velden","1837-05-05"
"Teresa Schwartze","1852-12-20"
"Andre de Krayewski","1933-06-20"
"Bart van der Leck","1876-11-26"
"Gustave Moreau","1826-04-06"
"Sr. Thomasita Fessler","1912-02-23"
"Samuel Dirksz van Hoogstraten","1627-08-02"
"Ulrika Pasch","1735-07-10"
"Eugene von Guerard","1811-11-07"
"Alberto Savinio","1891-08-25"
"Jon Coffelt","1963-05-16"
"Simeon Solomon","1840-10-09"
"Robert Vonnoh","1858-09-17"
"Edward Simmons","1852-10-27"
"Eileen Cooper","1953-06-10"
"Richard Gruelle","1851-02-22"
"Fairfield Porter","1907-06-10"
"Anton Mauve","1838-09-18"
"Simon Hollósy","1857-02-02"
"Sinibaldo Scorza","1589-07-16"
"Martin Snape","1852-12-31"
"Ciro Ferri","1633-09-03"
"Adrian van de Velde","1636-11-30"
"Victor Noble Rainbird","1887-12-12"
"Judith Leyster","1609-07-28"
"Alexander Nasmyth","1758-09-09"
"Francesco Trevisani","1656-04-09"
"Benjamin Curtis Porter","1843-08-27"
"Maurice Prendergast","1858-10-10"
"Patrick Caulfield","1936-01-30"
"Leonard Bahr","1905-05-12"
"Troels Wörsel","1950-11-10"
"Mary Henry","1913-03-19"
"Nicholas Marsicano","1908-10-01"
"Mary Stanisia","1878-05-04"
"Giulio Aristide Sartorio","1860-02-11"
"Aloysius O'Kelly","1853-07-03"
"Ramon Casas i Carbó","1866-01-04"
"Kenneth Martin","1905-04-13"
"Dorothy Tennant","1855-03-22"
"Rex Whistler","1905-06-24"
"Anton Räderscheidt","1892-10-11"
"Auguste Herbin","1882-04-29"
"Anne-Louis Girodet de Roussy-Trioson","1767-01-05"
"Nikolai Yaroshenko","1846-12-13"
"William Beechey","1753-12-12"
"Pierre Puvis de Chavannes","1824-12-14"
"André Masson","1896-01-04"
"Konstantin Makovsky","1839-07-02"
"Odile Crick","1920-08-11"
"Ralph Chubb","1892-02-08"
"Théodore Rousseau","1812-04-15"
"Ernst Ludwig Kirchner","1880-05-06"
"Joaquín Torres García","1874-07-28"
"Jan Toorop","1858-12-20"
"Peter Lanyon","1918-02-08"
"Emily Carr","1871-12-13"
"Michael Coxcie","1499-03-05"
"Giovanni Monti","1765-05-07"
"Yuri Gorbachev","1948-12-29"
"Benito Quinquela Martín","1890-03-01"
"Anne Savage","1896-07-27"
"Samuel Bak","1933-08-12"
"Ralston Crawford","1906-09-05"
"Pablo Palazuelo","1916-10-06"
"Dugald Sutherland MacColl","1859-03-10"
"Maria Helena Vieira da Silva","1908-06-18"
"Will Hicok Low","1853-05-31"
"Giulio Benso","1592-10-30"
"Giovanni Mannozzi","1592-03-20"
"Francesco Granacci","1477-07-23"
"Lucas Cranach the Elder","1472-10-04"
"Vladimir Borovikovsky","1757-07-24"
"Max Liebermann","1847-07-20"
"Ary Stillman","1891-02-13"
"Franz Kline","1910-05-23"
"Gaëtan de Rosnay","1912-05-17"
"Ludovico Carracci","1555-04-21"
"Hermione Hammond","1910-08-11"
"George Dawe","1781-02-06"
"Wolf Kahn","1927-10-04"
"Hans Hartung","1904-09-21"
"Frederick Varley","1881-01-02"
"Pinchus Kremegne","1890-07-28"
"Jan Lievens","1607-10-24"
"Michiel Sweerts","1618-09-29"
"Francesco Gessi","1588-01-20"
"Stefan Jäger","1877-05-28"
"Lee Krasner","1908-10-27"
"Kuzma Petrov-Vodkin","1878-11-05"
"Mai Dantsig","1930-04-27"
"Harold Weston","1894-02-14"
"Jacopo da Empoli","1551-04-30"
"Gerard de Lairesse","1640-09-11"
"Alessio Baldovinetti","1427-10-14"
"William Bowyer","1926-05-25"
"Giovanni Benedetto Castiglione","1609-03-23"
"Moise Kisling","1891-01-22"
"Alan D'arcangelo","1930-06-16"
"Ambrosius Bosschaert","1573-01-18"
"Giovanni Battista Paggi","1554-02-27"
"Jacopo Vignali","1592-09-05"
"Adolph Gottlieb","1903-03-14"
"Avery Clare","1945-05-28"
"Gian Paolo Lomazzo","1538-04-26"
"Dana E. Levin","1969-06-26"
"Vasile Hutopilă","1953-03-17"
"Remy Noe","1974-12-08"
"G. P. Nerli","1860-02-21"
"Constantin Xenakis","1931-12-28"
"Maurice Denis","1870-11-25"
"Antonio Saura","1930-09-22"
"Jean Crotti","1878-04-24"
"Pietro Novelli","1603-03-02"
"Alexander Mann","1853-01-22"
"Frances Castle","1966-02-17"
"Francesco Solimena","1657-10-04"
"Gregorio Pagani","1558-12-03"
"Jack Levine","1915-01-03"
"Sean Scully","1945-06-30"
"Mark Gertler","1891-12-09"
"Jack Coggins","1911-07-10"
"Santiago Rusiñol","1861-02-25"
"Giacomo Boni","1688-04-28"
"Werner Drewes","1899-07-27"
"Joshua Field","1973-10-27"
"George Henry Burgess","1831-06-08"
"Lisa Yuskavage","1962-05-16"
"Parmigianino","1503-01-11"
"Simone Pignoni","1611-04-17"
"Balthus","1908-02-29"
"Cesare Dandini","1596-10-01"
"Ridolfo Ghirlandajo","1483-02-14"
"Nicolas de Staël","1914-01-05"
"Marie-Claire Baldenweg","1954-03-27"
"Alexei Savrasov","1830-05-24"
"Bernardino Poccetti","1548-08-26"
"Pan Yuliang","1895-06-14"
"Enrico Donati","1909-02-19"
"Luca Giordano","1634-10-18"
"Eugène Berman","1899-11-04"
"Godfrey Kneller","1646-08-08"
"Charles Thomson","1953-02-06"
"Leo Kahn","1894-08-05"
"Michael Peter Ancher","1849-06-09"
"Gaetano Gandolfi","1734-08-31"
"Odilon Redon","1840-04-22"
"Antoni Tàpies","1923-12-13"
"Carlo Dolci","1616-05-25"
"Fra Bartolommeo","1472-03-28"
"Lasar Segall","1891-07-21"
"Lorenzo Pasinelli","1629-09-04"
"Guity Novin","1944-04-21"
"Stanhope Forbes","1857-11-18"
"Alessandro Tiarini","1577-03-20"
"Sam Gilliam","1933-11-30"
"Pietro Paolini","1603-06-03"
"Jules Pascin","1885-03-31"
"Francisco Zurbarán","1598-11-07"
"Andrew Vicari","1938-04-20"
"Evaristo Baschenis","1617-12-07"
"Alessandro Gherardini","1655-11-16"
"Mattia Bortoloni","1696-03-31"
"Giovanni Battista Viola","1576-06-16"
"Albert Kotin","1907-08-07"
"James Barry","1741-10-11"
"Paolo de Matteis","1662-02-09"
"Lucien Lévy-Dhurmer","1865-09-30"
"Domenico Fiasella","1589-08-12"
"Alessandro Varotari","1588-04-04"
"Lorenzo De Caro","1719-05-29"
"Max Jacob","1876-07-12"
"Anton Domenico Gabbiani","1652-02-13"
"Carlos Schwabe","1877-07-21"
"Cristoforo Munari","1667-07-21"
"Maurice Boitel","1919-07-31"
